Ticket_Number,Ticket Created,Department,Company
#00001,7/8/2021,Information Security,NME Bank
#00002,8/9/2021,Information Security,NME Bank
#00003,9/10/2021,Information Security,NME Bank
#00004,10/11/2021,Information Security,NME Bank
#00005,11/12/2021,Information Security,NME Bank
#00006,12/13/2021,Information Security,NME Bank
#00007,7/8/2021,Sales and Marketing,NME Bank
#00008,8/9/2021,Information Security,NME Bank
#00009,9/10/2021,Information Security,NME Bank
#00010,10/11/2021,Information Security,NME Bank
#00011,11/12/2021,Information Security,NME Bank
#00012,12/13/2021,Information Security,NME Bank
#00013,7/8/2021,Information Security,NME Bank
#00014,8/9/2021,Information Security,NME Bank
#00015,9/10/2021,Information Security,NME Bank
#00016,10/11/2021,Information Security,NME Bank
#00017,11/12/2021,Information Security,NME Bank
#00018,12/13/2021,Information Security,NME Bank
#00019,7/8/2021,Information Security,NME Bank
#00020,8/9/2021,Information Security,NME Bank
#00021,9/10/2021,Information Security,NME Bank
#00022,10/11/2021,Information Security,NME Bank
#00023,11/12/2021,Information Security,NME Bank
#00024,12/13/2021,Network Engineering,NME Bank
#00025,7/8/2021,Network Engineering,NME Bank
#00026,8/9/2021,Network Engineering,NME Bank
#00027,9/10/2021,Network Engineering,NME Bank
#00028,10/11/2021,Network Engineering,NME Bank
#00029,11/12/2021,Network Engineering,NME Bank
#00030,1/1/2022,Network Engineering,NME Bank
#00031,1/2/2022,Network Engineering,NME Bank
#00032,1/3/2022,Network Engineering,NME Bank
#00033,1/4/2022,Network Engineering,NME Bank
#00034,1/5/2022,Network Engineering,NME Bank
#00035,1/6/2022,Network Engineering,NME Bank
#00036,1/7/2022,Network Engineering,NME Bank
#00037,7/8/2020,Information Security,Gold Diggers Inc.
#00038,8/9/2020,Information Security,Gold Diggers Inc.
#00039,9/10/2020,Information Security,Gold Diggers Inc.
#00040,10/11/2020,Information Security,Gold Diggers Inc.
#00041,11/12/2020,Information Security,Gold Diggers Inc.
#00042,12/13/2013,Information Security,Gold Diggers Inc.
#00043,7/8/2014,Information Security,Gold Diggers Inc.
#00044,8/9/2015,Information Security,Gold Diggers Inc.
#00045,9/10/2016,Information Security,Gold Diggers Inc.
#00046,10/11/2013,Information Security,Gold Diggers Inc.
#00047,11/12/2022,Information Security,Gold Diggers Inc.
#00048,12/13/2022,Information Security,Gold Diggers Inc.
#00049,7/8/2021,Sales and Marketing,Gold Diggers Inc.
#00050,8/9/2022,Information Security,Gold Diggers Inc.
#00051,9/10/2022,Information Security,Gold Diggers Inc.
#00052,10/11/2022,Information Security,Gold Diggers Inc.
#00053,11/12/2021,Information Security,Gold Diggers Inc.
#00054,12/13/2021,Information Security,Gold Diggers Inc.
#00055,7/8/2021,Information Security,Gold Diggers Inc.
#00056,8/9/2021,Information Security,Gold Diggers Inc.
#00057,9/10/2021,Information Security,Gold Diggers Inc.
#00058,10/11/2021,Information Security,Gold Diggers Inc.
#00059,11/12/2021,Information Security,Gold Diggers Inc.
#00060,12/13/2021,Network Engineering,Gold Diggers Inc.
#00061,7/8/2021,Network Engineering,Gold Diggers Inc.
#00062,8/9/2021,Network Engineering,Gold Diggers Inc.
#00063,9/10/2021,Network Engineering,Gold Diggers Inc.
#00064,10/11/2021,Network Engineering,Gold Diggers Inc.
#00065,11/12/2021,Network Engineering,Gold Diggers Inc.
#00066,1/1/2022,Network Engineering,Gold Diggers Inc.
#00067,1/2/2022,Network Engineering,Gold Diggers Inc.
#00068,1/3/2022,Network Engineering,Gold Diggers Inc.
#00069,1/4/2022,Network Engineering,Gold Diggers Inc.
#00070,1/5/2022,Network Engineering,Gold Diggers Inc.
#00071,1/6/2022,Network Engineering,Gold Diggers Inc.
#00072,1/7/2022,Network Engineering,Gold Diggers Inc.
#00073,1/1/2021,Network Engineering,Laugh Depot
#00074,1/2/2021,Human Resources,Laugh Depot
#00075,1/3/2021,Human Resources,Laugh Depot
#00076,1/4/2021,Human Resources,Laugh Depot
#00077,1/5/2021,Human Resources,Laugh Depot
#00078,1/6/2021,Human Resources,Laugh Depot
#00079,1/7/2021,Human Resources,Laugh Depot
#00080,1/8/2021,Human Resources,Laugh Depot
#00081,1/9/2021,Human Resources,Laugh Depot
#00082,1/10/2021,Human Resources,Laugh Depot
#00083,1/11/2021,Human Resources,Laugh Depot
#00084,1/12/2021,Human Resources,Laugh Depot
#00085,1/13/2021,Human Resources,Laugh Depot
#00086,1/14/2021,Human Resources,Laugh Depot
#00087,1/15/2021,Human Resources,Laugh Depot
#00088,1/16/2021,Human Resources,Laugh Depot
#00089,1/17/2021,Human Resources,Laugh Depot
#00090,1/18/2022,Human Resources,Laugh Depot
#00091,1/19/2021,Human Resources,Laugh Depot
#00092,1/20/2021,Human Resources,Laugh Depot
#00093,1/21/2022,Human Resources,Laugh Depot
#00094,1/22/2021,Human Resources,Laugh Depot
#00095,1/23/2021,Human Resources,Laugh Depot
#00096,1/24/2021,Human Resources,Laugh Depot
#00097,1/25/2021,Human Resources,Laugh Depot
#00098,1/26/2021,Project Management Office (PMO),Laugh Depot
#00099,1/27/2021,Project Management Office (PMO),Laugh Depot
#00100,1/28/2021,Project Management Office (PMO),Laugh Depot
#00101,1/29/2021,Project Management Office (PMO),Laugh Depot
#00102,1/30/2021,Project Management Office (PMO),Laugh Depot
#00103,1/31/2021,Project Management Office (PMO),Laugh Depot
#00104,2/1/2021,Project Management Office (PMO),Laugh Depot
#00105,2/2/2021,Project Management Office (PMO),Laugh Depot
#00106,2/3/2022,Project Management Office (PMO),Laugh Depot
#00107,2/4/2021,Project Management Office (PMO),Laugh Depot
#00108,2/5/2021,Project Management Office (PMO),Laugh Depot
#00109,2/6/2021,Service Desk,Laugh Depot
#00110,2/7/2021,Service Desk,Laugh Depot
#00111,2/8/2021,Service Desk,Laugh Depot
#00112,2/9/2021,Service Desk,Laugh Depot
#00113,2/10/2021,Service Desk,Laugh Depot
#00114,2/11/2021,Service Desk,Laugh Depot
#00115,2/12/2021,Service Desk,Laugh Depot
#00116,2/13/2021,Service Desk,Laugh Depot
#00117,2/14/2021,Service Desk,Laugh Depot
#00118,2/15/2021,Service Desk,Laugh Depot
#00119,2/16/2021,Service Desk,Laugh Depot
#00120,2/17/2021,Service Desk,Laugh Depot
#00121,2/18/2021,Service Desk,Laugh Depot
#00122,2/19/2021,Service Desk,Laugh Depot
#00123,2/20/2021,Service Desk,Laugh Depot
#00124,2/21/2022,Service Desk,Laugh Depot
#00125,2/22/2021,Service Desk,Laugh Depot
#00126,2/23/2021,Service Desk,Laugh Depot
#00127,2/24/2021,Service Desk,Laugh Depot
#00128,2/25/2021,Service Desk,Laugh Depot
#00129,2/26/2021,Service Desk,Laugh Depot
#00130,2/27/2021,Service Desk,Laugh Depot
#00131,2/28/2021,Service Desk,Laugh Depot
#00132,3/1/2021,Service Desk,Laugh Depot
#00133,3/2/2021,Service Desk,Laugh Depot
#00134,3/3/2021,Service Desk,Laugh Depot
#00135,3/4/2021,Service Desk,Laugh Depot
#00136,3/5/2021,Service Desk,Laugh Depot
#00137,3/6/2021,Service Desk,Laugh Depot
#00138,3/7/2021,Service Desk,Laugh Depot
#00139,3/8/2021,Service Desk,Laugh Depot
#00140,3/9/2021,Service Desk,Laugh Depot
#00141,3/10/2021,Service Desk,Laugh Depot
#00142,3/11/2021,Service Desk,Laugh Depot
#00143,3/12/2021,Service Desk,Laugh Depot
#00144,3/13/2021,Service Desk,Laugh Depot
#00145,3/14/2021,Service Desk,Laugh Depot
#00146,3/15/2021,Service Desk,Laugh Depot
#00147,3/16/2021,Service Desk,Laugh Depot
#00148,3/17/2021,Service Desk,Laugh Depot
#00149,3/18/2021,Service Desk,Laugh Depot
#00150,3/19/2021,Service Desk,Laugh Depot
#00151,3/20/2021,Service Desk,Laugh Depot
#00152,3/21/2021,Service Desk,Laugh Depot
#00153,3/22/2021,Service Desk,Laugh Depot
#00154,3/23/2021,Service Desk,Laugh Depot
#00155,3/24/2021,Service Desk,Laugh Depot
#00156,3/25/2021,Service Desk,Laugh Depot
#00157,3/26/2021,Service Desk,Laugh Depot
#00158,3/27/2021,Service Desk,Laugh Depot
#00159,3/28/2021,Service Desk,Laugh Depot
#00160,3/29/2021,Human Resources,Laugh Depot
#00161,3/30/2021,Human Resources,Laugh Depot
#00162,3/31/2021,Human Resources,Laugh Depot
#00163,4/1/2021,Human Resources,Laugh Depot
#00164,4/2/2021,Human Resources,Laugh Depot
#00165,4/3/2021,Human Resources,Laugh Depot
#00166,4/4/2021,Human Resources,Laugh Depot
#00167,4/5/2021,Human Resources,Laugh Depot
#00168,4/6/2021,Human Resources,Laugh Depot
#00169,4/7/2021,Human Resources,Laugh Depot
#00170,4/8/2021,Human Resources,Laugh Depot
#00171,4/9/2021,Human Resources,Laugh Depot
#00172,4/10/2021,Human Resources,Laugh Depot
#00173,4/11/2021,Human Resources,Laugh Depot
#00174,4/12/2021,Human Resources,Laugh Depot
#00175,4/13/2021,Human Resources,Laugh Depot
#00176,4/14/2021,Human Resources,Laugh Depot
#00177,4/15/2021,Human Resources,Laugh Depot
#00178,4/16/2021,Human Resources,Laugh Depot
#00179,4/17/2021,Human Resources,Laugh Depot
#00180,4/18/2021,Human Resources,Laugh Depot
#00181,4/19/2021,Human Resources,Laugh Depot
#00182,4/20/2021,Human Resources,Laugh Depot
#00183,4/21/2021,Human Resources,Laugh Depot
#00184,4/22/2021,Human Resources,Laugh Depot
#00185,4/23/2021,Human Resources,Laugh Depot
#00186,4/24/2021,Human Resources,Laugh Depot
#00187,4/25/2021,Human Resources,Laugh Depot
#00188,4/26/2021,Human Resources,Laugh Depot
#00189,4/27/2021,Human Resources,Laugh Depot
#00190,4/28/2021,Human Resources,Laugh Depot
#00191,4/29/2021,Human Resources,Laugh Depot
#00192,4/30/2021,Human Resources,Laugh Depot
#00193,5/1/2021,Human Resources,Laugh Depot
#00194,5/2/2021,Human Resources,Laugh Depot
#00195,5/3/2021,Human Resources,Laugh Depot
#00196,5/4/2021,Human Resources,Laugh Depot
#00197,5/5/2021,Human Resources,Laugh Depot
#00198,5/6/2021,Human Resources,Laugh Depot
#00199,5/7/2021,Human Resources,Laugh Depot
#00200,1/1/2022,Human Resources,Laugh Depot
#00201,1/2/2022,Human Resources,Laugh Depot
#00202,1/3/2022,Human Resources,Laugh Depot
#00203,1/4/2022,Human Resources,Laugh Depot
#00204,1/5/2022,Human Resources,Laugh Depot
#00205,1/6/2022,Human Resources,Laugh Depot
#00206,1/7/2022,Human Resources,Laugh Depot
#00207,1/8/2022,Human Resources,Laugh Depot
#00208,1/9/2022,Human Resources,Laugh Depot
#00209,1/10/2022,Human Resources,Laugh Depot
#00210,1/11/2022,Human Resources,Laugh Depot
#00211,1/12/2022,Human Resources,Laugh Depot
#00212,1/13/2022,Human Resources,Laugh Depot
#00213,1/14/2022,Human Resources,Laugh Depot
#00214,1/15/2022,Human Resources,Laugh Depot
#00215,1/16/2022,Human Resources,Laugh Depot
#00216,1/17/2022,Human Resources,Laugh Depot
#00217,1/18/2022,Human Resources,Laugh Depot
#00218,1/19/2022,Human Resources,Laugh Depot
#00219,1/20/2022,Human Resources,Laugh Depot
#00220,1/21/2022,Human Resources,Laugh Depot
#00221,1/22/2022,Human Resources,Laugh Depot
#00222,1/23/2022,Human Resources,Laugh Depot
#00223,1/24/2022,Human Resources,Laugh Depot
#00224,1/25/2022,Human Resources,Laugh Depot
#00225,1/26/2022,Human Resources,Laugh Depot
#00226,1/27/2022,Human Resources,Laugh Depot
#00227,1/28/2022,Human Resources,Laugh Depot
#00228,1/29/2022,Human Resources,Laugh Depot
#00229,1/30/2022,Human Resources,Laugh Depot
#00230,1/31/2022,Human Resources,Laugh Depot
#00231,2/1/2022,Human Resources,Laugh Depot
#00232,2/2/2022,Human Resources,Laugh Depot
#00233,2/3/2022,Human Resources,Laugh Depot
#00234,2/4/2022,Human Resources,Laugh Depot
#00235,2/5/2022,Human Resources,Laugh Depot
#00236,2/6/2022,Human Resources,Laugh Depot
#00237,2/7/2022,Human Resources,Laugh Depot
#00238,2/8/2022,Human Resources,Laugh Depot
#00239,2/9/2022,Human Resources,Laugh Depot
#00240,2/10/2022,Datacenter,Laugh Depot
#00241,2/11/2022,Datacenter,Laugh Depot
#00242,2/12/2022,Datacenter,Laugh Depot
#00243,2/13/2022,Sales and Marketing,Laugh Depot
#00244,2/14/2022,Datacenter,Laugh Depot
#00245,2/15/2022,Datacenter,Laugh Depot
#00246,2/16/2022,Datacenter,Laugh Depot
#00247,2/17/2022,Datacenter,Laugh Depot
#00248,2/18/2022,Datacenter,Laugh Depot
#00249,2/19/2022,Business Intelligence,Laugh Depot
#00250,2/20/2022,Business Intelligence,Laugh Depot
#00251,2/21/2022,Business Intelligence,Laugh Depot
#00252,2/22/2022,Business Intelligence,Laugh Depot
#00253,2/23/2022,Business Intelligence,Laugh Depot
#00254,2/24/2022,Business Intelligence,Laugh Depot
#00255,2/25/2022,Business Intelligence,Laugh Depot
#00256,2/26/2022,Business Intelligence,Laugh Depot
#00257,2/27/2022,Business Intelligence,Laugh Depot
#00258,2/28/2022,Business Intelligence,Laugh Depot
#00259,2/27/2022,Business Intelligence,Laugh Depot
#00260,3/1/2022,Business Intelligence,Laugh Depot
#00261,3/2/2022,Business Intelligence,Laugh Depot
#00262,3/3/2022,Business Intelligence,Laugh Depot
#00263,3/4/2022,Business Intelligence,Laugh Depot
#00264,3/5/2022,Business Intelligence,Laugh Depot
#00265,3/6/2022,Business Intelligence,Laugh Depot
#00266,3/7/2022,Business Intelligence,Laugh Depot
#00267,3/8/2022,Datacenter,Laugh Depot
#00268,3/9/2022,Datacenter,Laugh Depot
#00269,3/10/2022,Datacenter,Laugh Depot
#00270,3/11/2022,Datacenter,Laugh Depot
#00271,3/12/2022,Datacenter,Laugh Depot
#00272,3/13/2022,Datacenter,Laugh Depot
#00273,3/14/2022,Datacenter,Laugh Depot
#00274,3/15/2022,Datacenter,Laugh Depot
#00275,1/1/2021,Human Resources,Codfather Fish House 
#00276,1/2/2021,Human Resources,Codfather Fish House 
#00277,1/3/2021,Human Resources,Codfather Fish House 
#00278,1/4/2021,Human Resources,Codfather Fish House 
#00279,1/5/2021,Human Resources,Codfather Fish House 
#00280,1/6/2021,Human Resources,Codfather Fish House 
#00281,1/7/2021,Human Resources,Codfather Fish House 
#00282,1/8/2021,Human Resources,Codfather Fish House 
#00283,1/9/2021,Human Resources,Codfather Fish House 
#00284,1/10/2021,Human Resources,Codfather Fish House 
#00285,1/11/2021,Human Resources,Codfather Fish House 
#00286,1/12/2021,Human Resources,Codfather Fish House 
#00287,1/13/2021,Human Resources,Codfather Fish House 
#00288,1/14/2021,Human Resources,Codfather Fish House 
#00289,1/15/2021,Human Resources,Codfather Fish House 
#00290,1/16/2021,Human Resources,Codfather Fish House 
#00291,1/17/2021,Human Resources,Codfather Fish House 
#00292,1/18/2021,Human Resources,Codfather Fish House 
#00293,1/19/2021,Human Resources,Codfather Fish House 
#00294,1/20/2021,Human Resources,Codfather Fish House 
#00295,1/21/2021,Human Resources,Codfather Fish House 
#00296,1/22/2021,Human Resources,Codfather Fish House 
#00297,1/23/2021,Human Resources,Codfather Fish House 
#00298,1/24/2021,Human Resources,Codfather Fish House 
#00299,1/25/2021,Human Resources,Codfather Fish House 
#00300,1/26/2021,Human Resources,Codfather Fish House 
#00301,1/27/2021,Human Resources,Codfather Fish House 
#00302,1/28/2021,Human Resources,Codfather Fish House 
#00303,1/29/2021,Human Resources,Codfather Fish House 
#00304,1/30/2021,Human Resources,Codfather Fish House 
#00305,1/31/2021,Human Resources,Codfather Fish House 
#00306,2/1/2021,Human Resources,Codfather Fish House 
#00307,2/2/2021,Project Management Office (PMO),Codfather Fish House 
#00308,2/3/2021,Project Management Office (PMO),Codfather Fish House 
#00309,2/4/2021,Project Management Office (PMO),Codfather Fish House 
#00310,2/5/2021,Project Management Office (PMO),Codfather Fish House 
#00311,2/6/2021,Project Management Office (PMO),Codfather Fish House 
#00312,2/7/2021,Project Management Office (PMO),Codfather Fish House 
#00313,2/8/2021,Project Management Office (PMO),Codfather Fish House 
#00314,2/9/2021,Project Management Office (PMO),Codfather Fish House 
#00315,2/10/2021,Project Management Office (PMO),Codfather Fish House 
#00316,2/11/2021,Project Management Office (PMO),Codfather Fish House 
#00317,2/12/2021,Project Management Office (PMO),Codfather Fish House 
#00318,2/13/2021,Human Resources,Codfather Fish House 
#00319,2/14/2021,Human Resources,Codfather Fish House 
#00320,2/15/2021,Human Resources,Codfather Fish House 
#00321,2/16/2021,Human Resources,Codfather Fish House 
#00322,2/17/2021,Human Resources,Codfather Fish House 
#00323,2/18/2021,Human Resources,Codfather Fish House 
#00324,2/19/2021,Human Resources,Codfather Fish House 
#00325,2/20/2021,Human Resources,Codfather Fish House 
#00326,2/21/2021,Human Resources,Codfather Fish House 
#00327,2/22/2021,Human Resources,Codfather Fish House 
#00328,2/23/2021,Human Resources,Codfather Fish House 
#00329,2/24/2021,Human Resources,Codfather Fish House 
#00330,2/25/2021,Human Resources,Codfather Fish House 
#00331,2/26/2021,Human Resources,Codfather Fish House 
#00332,2/27/2021,Human Resources,Codfather Fish House 
#00333,2/28/2021,Human Resources,Codfather Fish House 
#00334,3/1/2021,Human Resources,Codfather Fish House 
#00335,3/2/2021,Human Resources,Codfather Fish House 
#00336,3/3/2021,Human Resources,Codfather Fish House 
#00337,3/4/2021,Human Resources,Codfather Fish House 
#00338,3/5/2021,Human Resources,Codfather Fish House 
#00339,3/6/2021,Human Resources,Codfather Fish House 
#00340,3/7/2021,Human Resources,Codfather Fish House 
#00341,3/8/2021,Human Resources,Codfather Fish House 
#00342,3/9/2021,Human Resources,Codfather Fish House 
#00343,3/10/2021,Human Resources,Codfather Fish House 
#00344,3/11/2021,Human Resources,Codfather Fish House 
#00345,3/12/2021,Human Resources,Codfather Fish House 
#00346,3/13/2021,Human Resources,Codfather Fish House 
#00347,3/14/2021,Human Resources,Codfather Fish House 
#00348,3/15/2021,Human Resources,Codfather Fish House 
#00349,3/16/2021,Human Resources,Codfather Fish House 
#00350,3/17/2021,Human Resources,Codfather Fish House 
#00351,3/18/2021,Human Resources,Codfather Fish House 
#00352,3/19/2021,Human Resources,Codfather Fish House 
#00353,3/20/2021,Human Resources,Codfather Fish House 
#00354,3/21/2021,Human Resources,Codfather Fish House 
#00355,3/22/2021,Human Resources,Codfather Fish House 
#00356,3/23/2021,Human Resources,Codfather Fish House 
#00357,3/24/2021,Human Resources,Codfather Fish House 
#00358,3/25/2021,Human Resources,Codfather Fish House 
#00359,3/26/2021,Human Resources,Codfather Fish House 
#00360,3/27/2021,Human Resources,Codfather Fish House 
#00361,3/28/2021,Human Resources,Codfather Fish House 
#00362,3/29/2021,Human Resources,Codfather Fish House 
#00363,3/30/2021,Human Resources,Codfather Fish House 
#00364,3/31/2021,Human Resources,Codfather Fish House 
#00365,4/1/2021,Information Security,Codfather Fish House 
#00366,4/2/2021,Information Security,Codfather Fish House 
#00367,4/3/2021,Information Security,Codfather Fish House 
#00368,4/4/2021,Information Security,Codfather Fish House 
#00369,4/5/2021,Information Security,Codfather Fish House 
#00370,4/6/2021,Information Security,Codfather Fish House 
#00371,4/7/2021,Information Security,Codfather Fish House 
#00372,4/8/2021,Information Security,Codfather Fish House 
#00373,4/9/2021,Information Security,Codfather Fish House 
#00374,4/10/2021,Information Security,Codfather Fish House 
#00375,4/11/2021,Information Security,Codfather Fish House 
#00376,4/12/2021,Information Security,Codfather Fish House 
#00377,4/13/2021,Information Security,Codfather Fish House 
#00378,4/14/2021,Information Security,Codfather Fish House 
#00379,4/15/2021,Information Security,Codfather Fish House 
#00380,4/16/2021,Information Security,Codfather Fish House 
#00381,4/17/2021,Information Security,Codfather Fish House 
#00382,4/18/2021,Information Security,Codfather Fish House 
#00383,4/19/2021,Information Security,Codfather Fish House 
#00384,4/20/2021,Sales and Marketing,Codfather Fish House 
#00385,4/21/2021,Business Intelligence,Codfather Fish House 
#00386,4/22/2021,Business Intelligence,Codfather Fish House 
#00387,4/23/2021,Business Intelligence,Codfather Fish House 
#00388,4/24/2021,Business Intelligence,Codfather Fish House 
#00389,4/25/2021,Business Intelligence,Codfather Fish House 
#00390,4/26/2021,Business Intelligence,Codfather Fish House 
#00391,4/27/2021,Business Intelligence,Codfather Fish House 
#00392,4/28/2021,Business Intelligence,Codfather Fish House 
#00393,4/29/2021,Business Intelligence,Codfather Fish House 
#00394,4/30/2021,Business Intelligence,Codfather Fish House 
#00395,5/1/2021,Business Intelligence,Codfather Fish House 
#00396,5/2/2021,Business Intelligence,Codfather Fish House 
#00397,5/3/2021,Business Intelligence,Codfather Fish House 
#00398,5/4/2021,Business Intelligence,Codfather Fish House 
#00399,5/5/2021,Business Intelligence,Codfather Fish House 
#00400,5/6/2021,Business Intelligence,Codfather Fish House 
#00401,5/7/2021,Business Intelligence,Codfather Fish House 
#00402,5/8/2021,Business Intelligence,Codfather Fish House 
#00403,5/9/2021,Business Intelligence,Codfather Fish House 
#00404,5/10/2021,Business Intelligence,Codfather Fish House 
#00405,5/11/2021,Business Intelligence,Codfather Fish House 
#00406,5/12/2021,Business Intelligence,Codfather Fish House 
#00407,5/13/2021,Business Intelligence,Codfather Fish House 
#00408,5/14/2021,Business Intelligence,Codfather Fish House 
#00409,5/15/2021,Business Intelligence,Codfather Fish House 
#00410,5/16/2021,Business Intelligence,Codfather Fish House 
#00411,5/17/2021,Business Intelligence,Codfather Fish House 
#00412,1/11/2022,Business Intelligence,Codfather Fish House 
#00413,1/12/2022,Business Intelligence,Codfather Fish House 
#00414,1/13/2022,Business Intelligence,Codfather Fish House 
#00415,1/14/2022,Business Intelligence,Codfather Fish House 
#00416,1/15/2022,Business Intelligence,Codfather Fish House 
#00417,1/16/2022,Business Intelligence,Codfather Fish House 
#00418,1/17/2022,Business Intelligence,Codfather Fish House 
#00419,1/18/2022,Business Intelligence,Codfather Fish House 
#00420,1/19/2022,Business Intelligence,Codfather Fish House 
#00421,1/20/2022,Business Intelligence,Codfather Fish House 
#00422,1/21/2022,Business Intelligence,Codfather Fish House 
#00423,1/22/2022,Business Intelligence,Codfather Fish House 
#00424,1/23/2022,Business Intelligence,Codfather Fish House 
#00425,1/24/2022,Business Intelligence,Codfather Fish House 
#00426,1/25/2022,Human Resources,Codfather Fish House 
#00427,1/26/2022,Human Resources,Codfather Fish House 
#00428,1/27/2022,Human Resources,Codfather Fish House 
#00429,1/28/2022,Human Resources,Codfather Fish House 
#00430,1/29/2022,Human Resources,Codfather Fish House 
#00431,1/30/2022,Human Resources,Codfather Fish House 
#00432,1/31/2022,Human Resources,Codfather Fish House 
#00433,2/1/2022,Human Resources,Codfather Fish House 
#00434,2/2/2022,Human Resources,Codfather Fish House 
#00435,2/3/2022,Human Resources,Codfather Fish House 
#00436,2/4/2022,Human Resources,Codfather Fish House 
#00437,2/5/2022,Human Resources,Codfather Fish House 
#00438,2/6/2022,Human Resources,Codfather Fish House 
#00439,2/7/2022,Human Resources,Codfather Fish House 
#00440,2/8/2022,Human Resources,Codfather Fish House 
#00441,2/9/2022,Human Resources,Codfather Fish House 
#00442,2/10/2022,Datacenter,Codfather Fish House 
#00443,2/11/2022,Datacenter,Codfather Fish House 
#00444,2/12/2022,Datacenter,Codfather Fish House 
#00445,2/13/2022,Datacenter,Codfather Fish House 
#00446,2/14/2022,Datacenter,Codfather Fish House 
#00447,2/15/2022,Datacenter,Codfather Fish House 
#00448,2/16/2022,Datacenter,Codfather Fish House 
#00449,2/17/2022,Datacenter,Codfather Fish House 
#00450,2/18/2022,Datacenter,Codfather Fish House 
#00451,2/19/2022,Datacenter,Codfather Fish House 
#00452,2/20/2022,Datacenter,Codfather Fish House 
#00453,2/21/2022,Datacenter,Codfather Fish House 
#00454,2/22/2022,Datacenter,Codfather Fish House 
#00455,2/23/2022,Datacenter,Codfather Fish House 
#00456,2/24/2022,Datacenter,Codfather Fish House 
#00457,2/25/2022,Datacenter,Codfather Fish House 
#00458,2/26/2022,Datacenter,Codfather Fish House 
#00459,2/27/2022,Datacenter,Codfather Fish House 
#00460,2/28/2022,Datacenter,Codfather Fish House 
#00461,2/27/2022,Datacenter,Codfather Fish House 
#00462,3/1/2022,Datacenter,Codfather Fish House 
#00463,3/2/2022,Datacenter,Codfather Fish House 
#00464,3/3/2022,Datacenter,Codfather Fish House 
#00465,3/4/2022,Datacenter,Codfather Fish House 
#00466,3/5/2022,Datacenter,Codfather Fish House 
#00467,3/6/2022,Datacenter,Codfather Fish House 
#00468,3/7/2022,Datacenter,Codfather Fish House 
#00469,3/8/2022,Datacenter,Codfather Fish House 
#00470,3/9/2022,Datacenter,Codfather Fish House 
#00471,3/10/2022,Datacenter,Codfather Fish House 
#00472,3/11/2022,Datacenter,Codfather Fish House 
#00473,3/12/2022,Datacenter,Codfather Fish House 
#00474,3/13/2022,Datacenter,Codfather Fish House 
#00475,3/14/2022,Datacenter,Codfather Fish House 
#00476,3/15/2022,Datacenter,Codfather Fish House 
#00477,1/1/2019,Network Operations Center (NOC),Bankers Banking Bank
#00478,1/2/2019,Business Intelligence,Bankers Banking Bank
#00479,1/3/2019,Business Intelligence,Bankers Banking Bank
#00480,1/4/2019,Business Intelligence,Bankers Banking Bank
#00481,1/5/2019,Business Intelligence,Bankers Banking Bank
#00482,1/6/2019,Business Intelligence,Bankers Banking Bank
#00483,1/7/2019,Business Intelligence,Bankers Banking Bank
#00484,1/8/2019,Business Intelligence,Bankers Banking Bank
#00485,1/9/2019,Business Intelligence,Bankers Banking Bank
#00486,1/10/2019,Business Intelligence,Bankers Banking Bank
#00487,1/11/2019,Business Intelligence,Bankers Banking Bank
#00488,1/12/2019,Business Intelligence,Bankers Banking Bank
#00489,1/13/2019,Business Intelligence,Bankers Banking Bank
#00490,1/14/2019,Business Intelligence,Bankers Banking Bank
#00491,1/15/2019,Business Intelligence,Bankers Banking Bank
#00492,1/16/2019,Business Intelligence,Bankers Banking Bank
#00493,1/17/2019,Business Intelligence,Bankers Banking Bank
#00494,1/18/2019,Business Intelligence,Bankers Banking Bank
#00495,1/19/2019,Business Intelligence,Bankers Banking Bank
#00496,1/20/2019,Business Intelligence,Bankers Banking Bank
#00497,1/21/2019,Network Operations Center (NOC),Bankers Banking Bank
#00498,1/22/2019,Network Operations Center (NOC),Bankers Banking Bank
#00499,1/23/2019,Network Operations Center (NOC),Bankers Banking Bank
#00500,1/24/2019,Network Operations Center (NOC),Bankers Banking Bank
#00501,1/25/2019,Network Operations Center (NOC),Bankers Banking Bank
#00502,1/26/2019,Network Operations Center (NOC),Bankers Banking Bank
#00503,1/27/2019,Sales and Marketing,Bankers Banking Bank
#00504,1/28/2019,Sales and Marketing,Bankers Banking Bank
#00505,1/29/2019,Network Operations Center (NOC),Bankers Banking Bank
#00506,1/30/2019,Network Operations Center (NOC),Bankers Banking Bank
#00507,1/31/2019,Network Operations Center (NOC),Bankers Banking Bank
#00508,2/1/2019,Network Operations Center (NOC),Bankers Banking Bank
#00509,2/2/2019,Network Operations Center (NOC),Bankers Banking Bank
#00510,2/3/2019,Network Operations Center (NOC),Bankers Banking Bank
#00511,2/4/2019,Network Operations Center (NOC),Bankers Banking Bank
#00512,2/5/2019,Network Operations Center (NOC),Bankers Banking Bank
#00513,2/6/2019,Network Operations Center (NOC),Bankers Banking Bank
#00514,2/7/2019,Network Operations Center (NOC),Bankers Banking Bank
#00515,2/8/2019,Network Operations Center (NOC),Bankers Banking Bank
#00516,2/9/2019,Network Operations Center (NOC),Bankers Banking Bank
#00517,2/10/2019,Network Operations Center (NOC),Bankers Banking Bank
#00518,2/11/2019,Network Operations Center (NOC),Bankers Banking Bank
#00519,2/12/2019,Project Management Office (PMO),Bankers Banking Bank
#00520,2/13/2019,Project Management Office (PMO),Bankers Banking Bank
#00521,2/14/2019,Project Management Office (PMO),Bankers Banking Bank
#00522,2/15/2019,Project Management Office (PMO),Bankers Banking Bank
#00523,2/16/2019,Project Management Office (PMO),Bankers Banking Bank
#00524,2/17/2019,Project Management Office (PMO),Bankers Banking Bank
#00525,2/18/2019,Project Management Office (PMO),Bankers Banking Bank
#00526,2/19/2019,Project Management Office (PMO),Bankers Banking Bank
#00527,2/20/2019,Project Management Office (PMO),Bankers Banking Bank
#00528,2/21/2019,Project Management Office (PMO),Bankers Banking Bank
#00529,2/22/2019,Project Management Office (PMO),Bankers Banking Bank
#00530,2/23/2019,Project Management Office (PMO),Bankers Banking Bank
#00531,2/24/2019,Project Management Office (PMO),Bankers Banking Bank
#00532,2/25/2019,Network Operations Center (NOC),Bankers Banking Bank
#00533,2/26/2019,Network Operations Center (NOC),Bankers Banking Bank
#00534,2/27/2019,Network Operations Center (NOC),Bankers Banking Bank
#00535,2/28/2019,Network Operations Center (NOC),Bankers Banking Bank
#00536,3/1/2019,Network Operations Center (NOC),Bankers Banking Bank
#00537,3/2/2019,Network Operations Center (NOC),Bankers Banking Bank
#00538,3/3/2019,Datacenter,Bankers Banking Bank
#00539,3/4/2019,Datacenter,Bankers Banking Bank
#00540,3/5/2019,Datacenter,Bankers Banking Bank
#00541,3/6/2019,Datacenter,Bankers Banking Bank
#00542,3/7/2019,Datacenter,Bankers Banking Bank
#00543,3/8/2019,Datacenter,Bankers Banking Bank
#00544,3/9/2019,Datacenter,Bankers Banking Bank
#00545,3/10/2019,Datacenter,Bankers Banking Bank
#00546,3/11/2019,Datacenter,Bankers Banking Bank
#00547,3/12/2019,Datacenter,Bankers Banking Bank
#00548,3/13/2019,Datacenter,Bankers Banking Bank
#00549,3/14/2019,Datacenter,Bankers Banking Bank
#00550,1/1/2022,Service Desk,Bankers Banking Bank
#00551,1/2/2022,Service Desk,Bankers Banking Bank
#00552,1/3/2022,Service Desk,Bankers Banking Bank
#00553,1/4/2022,Service Desk,Bankers Banking Bank
#00554,1/5/2022,Service Desk,Bankers Banking Bank
#00555,1/6/2022,Service Desk,Bankers Banking Bank
#00556,1/7/2022,Service Desk,Bankers Banking Bank
#00557,1/8/2022,Service Desk,Bankers Banking Bank
#00558,1/9/2022,Service Desk,Bankers Banking Bank
#00559,1/10/2022,Service Desk,Bankers Banking Bank
#00560,1/11/2022,Service Desk,Bankers Banking Bank
#00561,1/12/2022,Service Desk,Bankers Banking Bank
#00562,1/13/2022,Service Desk,Bankers Banking Bank
#00563,1/14/2022,Service Desk,Bankers Banking Bank
#00564,1/15/2022,Service Desk,Bankers Banking Bank
#00565,1/16/2022,Service Desk,Bankers Banking Bank
#00566,1/17/2022,Service Desk,Bankers Banking Bank
#00567,1/18/2022,Service Desk,Bankers Banking Bank
#00568,1/19/2022,Service Desk,Bankers Banking Bank
#00569,1/20/2022,Service Desk,Bankers Banking Bank
#00570,1/21/2022,Service Desk,Bankers Banking Bank
#00571,1/22/2022,Service Desk,Bankers Banking Bank
#00572,1/23/2022,Service Desk,Bankers Banking Bank
#00573,1/24/2022,Service Desk,Bankers Banking Bank
#00574,1/25/2022,Service Desk,Bankers Banking Bank
#00575,1/1/2018,Sales and Marketing,Hashtag Consulting
#00576,1/3/2018,Sales and Marketing,Hashtag Consulting
#00577,1/5/2018,Service Desk,Hashtag Consulting
#00578,1/7/2018,Service Desk,Hashtag Consulting
#00579,1/9/2018,Service Desk,Hashtag Consulting
#00580,1/11/2018,Service Desk,Hashtag Consulting
#00581,1/13/2018,Service Desk,Hashtag Consulting
#00582,1/15/2018,Service Desk,Hashtag Consulting
#00583,1/17/2018,Service Desk,Hashtag Consulting
#00584,1/19/2018,Service Desk,Hashtag Consulting
#00585,1/21/2018,Service Desk,Hashtag Consulting
#00586,2/1/2022,Datacenter,Hashtag Consulting
#00587,2/2/2022,Datacenter,Hashtag Consulting
#00588,2/3/2022,Datacenter,Hashtag Consulting
#00589,2/4/2022,Datacenter,Hashtag Consulting
#00590,2/5/2022,Datacenter,Hashtag Consulting
#00591,2/6/2022,Datacenter,Hashtag Consulting
#00592,2/7/2022,Datacenter,Hashtag Consulting
#00593,2/8/2022,Datacenter,Hashtag Consulting
#00594,2/9/2022,Datacenter,Hashtag Consulting
#00595,2/10/2022,Datacenter,Hashtag Consulting
#00596,2/11/2022,Datacenter,Hashtag Consulting
#00597,2/12/2022,Datacenter,Hashtag Consulting
#00598,2/13/2022,Datacenter,Hashtag Consulting
#00599,2/14/2022,Datacenter,Hashtag Consulting
#00600,2/15/2022,Datacenter,Hashtag Consulting
#00601,2/16/2022,Datacenter,Hashtag Consulting
#00602,2/17/2022,Datacenter,Hashtag Consulting
#00603,2/18/2022,Datacenter,Hashtag Consulting
#00604,2/19/2022,Datacenter,Hashtag Consulting
#00605,2/20/2022,Datacenter,Hashtag Consulting
#00606,2/21/2022,Datacenter,Hashtag Consulting
#00607,2/21/2022,Business Intelligence,CyberFiber
#00608,2/21/2022,Business Intelligence,CyberFiber
#00609,2/21/2022,Business Intelligence,CyberFiber
#00610,2/21/2022,Business Intelligence,CyberFiber
#00611,2/21/2022,Business Intelligence,CyberFiber
#00612,2/21/2022,Business Intelligence,CyberFiber
#00613,2/21/2022,Business Intelligence,CyberFiber
#00614,2/21/2022,Business Intelligence,CyberFiber
#00615,2/21/2022,Business Intelligence,CyberFiber
#00616,2/21/2022,Business Intelligence,CyberFiber
#00617,2/21/2022,Business Intelligence,CyberFiber
#00618,2/21/2022,Business Intelligence,CyberFiber
#00619,2/21/2022,Business Intelligence,CyberFiber
#00620,2/21/2022,Business Intelligence,CyberFiber
#00621,2/21/2022,Business Intelligence,CyberFiber
#00622,2/21/2022,Business Intelligence,CyberFiber
#00623,2/21/2022,Datacenter,CyberFiber
#00624,2/21/2022,Datacenter,CyberFiber
#00625,2/2/2017,Sales and Marketing,CyberFiber
#00626,2/3/2017,Sales and Marketing,CyberFiber
#00627,2/4/2017,Network Operations Center (NOC),CyberFiber
#00628,2/5/2017,Network Operations Center (NOC),CyberFiber
#00629,2/6/2017,Network Operations Center (NOC),CyberFiber
#00630,2/7/2017,Network Operations Center (NOC),CyberFiber
#00631,2/8/2017,Network Operations Center (NOC),CyberFiber
#00632,2/9/2017,Network Operations Center (NOC),CyberFiber
#00633,2/10/2017,Network Operations Center (NOC),CyberFiber
#00634,2/11/2017,Network Operations Center (NOC),CyberFiber
#00635,2/12/2017,Network Operations Center (NOC),CyberFiber
#00636,2/13/2017,Network Operations Center (NOC),CyberFiber
#00637,2/14/2017,Network Operations Center (NOC),CyberFiber
#00638,2/15/2017,Network Operations Center (NOC),CyberFiber
#00639,2/16/2017,Network Operations Center (NOC),CyberFiber
#00640,2/17/2017,Network Operations Center (NOC),CyberFiber
#00641,2/18/2017,Network Operations Center (NOC),CyberFiber
#00642,2/19/2017,Network Operations Center (NOC),CyberFiber
#00643,2/20/2017,Network Operations Center (NOC),CyberFiber
#00644,2/21/2017,Network Operations Center (NOC),CyberFiber
#00645,2/22/2017,Network Operations Center (NOC),CyberFiber
#00646,2/23/2017,Network Operations Center (NOC),CyberFiber
#00647,2/24/2017,Network Operations Center (NOC),CyberFiber
#00648,2/25/2017,Network Operations Center (NOC),CyberFiber
#00649,2/26/2017,Network Operations Center (NOC),CyberFiber
#00650,2/27/2017,Network Operations Center (NOC),CyberFiber
#00651,2/28/2017,Network Operations Center (NOC),CyberFiber
#00652,3/1/2017,Network Operations Center (NOC),CyberFiber
#00653,3/2/2017,Network Operations Center (NOC),CyberFiber
#00654,3/3/2017,Network Operations Center (NOC),CyberFiber
#00655,3/4/2017,Network Operations Center (NOC),CyberFiber
#00656,3/5/2017,Network Operations Center (NOC),CyberFiber
#00657,3/6/2017,Network Operations Center (NOC),CyberFiber
#00658,3/7/2017,Network Operations Center (NOC),CyberFiber
#00659,3/8/2017,Network Operations Center (NOC),CyberFiber
#00660,3/9/2017,Network Operations Center (NOC),CyberFiber
#00661,3/10/2017,Network Operations Center (NOC),CyberFiber
#00662,3/11/2017,Network Operations Center (NOC),CyberFiber
#00663,3/12/2017,Network Operations Center (NOC),CyberFiber
#00664,3/13/2017,Network Operations Center (NOC),CyberFiber
#00665,3/14/2017,Network Operations Center (NOC),CyberFiber
#00666,3/15/2017,Network Operations Center (NOC),CyberFiber
#00667,3/16/2017,Network Operations Center (NOC),CyberFiber
#00668,3/17/2017,Network Operations Center (NOC),CyberFiber
#00669,3/18/2017,Network Operations Center (NOC),CyberFiber
#00670,3/19/2017,Network Operations Center (NOC),CyberFiber
#00671,3/20/2017,Network Operations Center (NOC),CyberFiber
#00672,3/21/2017,Network Operations Center (NOC),CyberFiber
#00673,3/22/2017,Network Operations Center (NOC),CyberFiber
#00674,3/23/2017,Network Operations Center (NOC),CyberFiber
#00675,3/24/2017,Network Operations Center (NOC),CyberFiber
#00676,3/25/2017,Network Operations Center (NOC),CyberFiber
#00677,3/26/2017,Network Operations Center (NOC),CyberFiber
#00678,3/27/2017,Network Operations Center (NOC),CyberFiber
#00679,3/28/2017,Project Management Office (PMO),CyberFiber
#00680,3/29/2017,Project Management Office (PMO),CyberFiber
#00681,3/30/2017,Project Management Office (PMO),CyberFiber
#00682,3/31/2017,Project Management Office (PMO),CyberFiber
#00683,4/1/2017,Project Management Office (PMO),CyberFiber
#00684,4/2/2017,Project Management Office (PMO),CyberFiber
#00685,4/3/2017,Project Management Office (PMO),CyberFiber
#00686,4/4/2017,Project Management Office (PMO),CyberFiber
#00687,4/5/2017,Project Management Office (PMO),CyberFiber
#00688,4/6/2017,Project Management Office (PMO),CyberFiber
#00689,4/7/2017,Project Management Office (PMO),CyberFiber
#00690,4/8/2017,Project Management Office (PMO),CyberFiber
#00691,4/9/2017,Project Management Office (PMO),CyberFiber
#00692,4/10/2017,Project Management Office (PMO),CyberFiber
#00693,4/11/2017,Project Management Office (PMO),CyberFiber
#00694,4/12/2017,Project Management Office (PMO),CyberFiber
#00695,4/13/2017,Network Operations Center (NOC),CyberFiber
#00696,4/14/2017,Network Operations Center (NOC),CyberFiber
#00697,4/15/2017,Network Operations Center (NOC),CyberFiber
#00698,4/16/2017,Network Operations Center (NOC),CyberFiber
#00699,4/17/2017,Network Operations Center (NOC),CyberFiber